Workbook

Sheet Fournitures par classe
A1: Pays | B1: Système | C1: Niveau | D1: Classe | E1: Catégorie | F1: Article | G1: Quantité | H1: Spécification | I1: Article canonique | J1: Clé | K1: Prix Standard (XAF) | L1: Prix Haut de Gamme (XAF) | M1: Sous-total Standard | N1: Sous-total Haut de Gamme
A2: Cameroun | B2: francophone | C2: Primaire | D2: SIL | E2: Cahier | F2: Paquet cahiers bananier 24 cahiers | G2: 1 | H2: doubles lignes | I2: Paquet cahiers bananier 24 cahiers | J2: =E2&"|"&I2&"|"&H2 | K2: =IFERROR(VLOOKUP(J2,'Articles uniques'!A:H,7,FALSE),"") | L2: =IFERROR(VLOOKUP(J2,'Articles uniques'!A:H,8,FALSE),"") | M2: =IF(ISNUMBER(K2),G2*K2,"") | N2: =IF(ISNUMBER(L2),G2*L2,"")
A3: Cameroun | B3: francophone | C3: Primaire | D3: SIL | E3: Cahier | F3: Cahier dessin petit format | G3: 1 | I3: Cahier dessin petit format | J3: =E3&"|"&I3&"|"&H3 | K3: =IFERROR(VLOOKUP(J3,'Articles uniques'!A:H,7,FALSE),"") | L3: =IFERROR(VLOOKUP(J3,'Articles uniques'!A:H,8,FALSE),"") | M3: =IF(ISNUMBER(K3),G3*K3,"") | N3: =IF(ISNUMBER(L3),G3*L3,"")
A4: Cameroun | B4: francophone | C4: Primaire | D4: SIL | E4: Cahier | F4: Cahier 60 leaves plain lines (English) | G4: 2 | I4: Cahier 60 leaves plain lines | J4: =E4&"|"&I4&"|"&H4 | K4: =IFERROR(VLOOKUP(J4,'Articles uniques'!A:H,7,FALSE),"") | L4: =IFERROR(VLOOKUP(J4,'Articles uniques'!A:H,8,FALSE),"") | M4: =IF(ISNUMBER(K4),G4*K4,"") | N4: =IF(ISNUMBER(L4),G4*L4,"")
A5: Cameroun | B5: francophone | C5: Primaire | D5: SIL | E5: Cahier | F5: Cahier de texte pour devoir à domicile | G5: 1 | I5: Cahier de texte pour devoir à domicile | J5: =E5&"|"&I5&"|"&H5 | K5: =IFERROR(VLOOKUP(J5,'Articles uniques'!A:H,7,FALSE),"") | L5: =IFERROR(VLOOKUP(J5,'Articles uniques'!A:H,8,FALSE),"") | M5: =IF(ISNUMBER(K5),G5*K5,"") | N5: =IF(ISNUMBER(L5),G5*L5,"")
A6: Cameroun | B6: francophone | C6: Primaire | D6: SIL | E6: Écriture | F6: Paquet crayons ordinaires 2B ou HB | G6: 2 | I6: Paquet crayons ordinaires 2B ou HB | J6: =E6&"|"&I6&"|"&H6 | K6: =IFERROR(VLOOKUP(J6,'Articles uniques'!A:H,7,FALSE),"") | L6: =IFERROR(VLOOKUP(J6,'Articles uniques'!A:H,8,FALSE),"") | M6: =IF(ISNUMBER(K6),G6*K6,"") | N6: =IF(ISNUMBER(L6),G6*L6,"")
A7: Cameroun | B7: francophone | C7: Primaire | D7: SIL | E7: Écriture | F7: Taille-crayon | G7: 2 | I7: Taille-crayon | J7: =E7&"|"&I7&"|"&H7 | K7: =IFERROR(VLOOKUP(J7,'Articles uniques'!A:H,7,FALSE),"") | L7: =IFERROR(VLOOKUP(J7,'Articles uniques'!A:H,8,FALSE),"") | M7: =IF(ISNUMBER(K7),G7*K7,"") | N7: =IF(ISNUMBER(L7),G7*L7,"")
A8: Cameroun | B8: francophone | C8: Primaire | D8: SIL | E8: Écriture | F8: Gomme | G8: 10 | H8: blanche | I8: Gomme | J8: =E8&"|"&I8&"|"&H8 | K8: =IFERROR(VLOOKUP(J8,'Articles uniques'!A:H,7,FALSE),"") | L8: =IFERROR(VLOOKUP(J8,'Articles uniques'!A:H,8,FALSE),"") | M8: =IF(ISNUMBER(K8),G8*K8,"") | N8: =IF(ISNUMBER(L8),G8*L8,"")
A9: Cameroun | B9: francophone | C9: Primaire | D9: SIL | E9: Écriture | F9: Tube de colle UHU | G9: 1 | I9: Tube de colle UHU | J9: =E9&"|"&I9&"|"&H9 | K9: =IFERROR(VLOOKUP(J9,'Articles uniques'!A:H,7,FALSE),"") | L9: =IFERROR(VLOOKUP(J9,'Articles uniques'!A:H,8,FALSE),"") | M9: =IF(ISNUMBER(K9),G9*K9,"") | N9: =IF(ISNUMBER(L9),G9*L9,"")
A10: Cameroun | B10: francophone | C10: Primaire | D10: SIL | E10: Écriture | F10: Paquet marqueurs Bic Velleda pour ardoise | G10: 1 | I10: Paquet marqueurs Bic Velleda pour ardoise | J10: =E10&"|"&I10&"|"&H10 | K10: =IFERROR(VLOOKUP(J10,'Articles uniques'!A:H,7,FALSE),"") | L10: =IFERROR(VLOOKUP(J10,'Articles uniques'!A:H,8,FALSE),"") | M10: =IF(ISNUMBER(K10),G10*K10,"") | N10: =IF(ISNUMBER(L10),G10*L10,"")
A11: Cameroun | B11: francophone | C11: Primaire | D11: SIL | E11: Écriture | F11: Paquet crayons couleur | G11: 1 | I11: Paquet crayons couleur | J11: =E11&"|"&I11&"|"&H11 | K11: =IFERROR(VLOOKUP(J11,'Articles uniques'!A:H,7,FALSE),"") | L11: =IFERROR(VLOOKUP(J11,'Articles uniques'!A:H,8,FALSE),"") | M11: =IF(ISNUMBER(K11),G11*K11,"") | N11: =IF(ISNUMBER(L11),G11*L11,"")
A12: Cameroun | B12: francophone | C12: Primaire | D12: SIL | E12: Ardoise | F12: Ardoise à feutre | G12: 1 | I12: Ardoise à feutre | J12: =E12&"|"&I12&"|"&H12 | K12: =IFERROR(VLOOKUP(J12,'Articles uniques'!A:H,7,FALSE),"") | L12: =IFERROR(VLOOKUP(J12,'Articles uniques'!A:H,8,FALSE),"") | M12: =IF(ISNUMBER(K12),G12*K12,"") | N12: =IF(ISNUMBER(L12),G12*L12,"")
A13: Cameroun | B13: francophone | C13: Primaire | D13: SIL | E13: Ardoise | F13: Effaçoir pour ardoise | G13: 2 | I13: Effaçoir pour ardoise | J13: =E13&"|"&I13&"|"&H13 | K13: =IFERROR(VLOOKUP(J13,'Articles uniques'!A:H,7,FALSE),"") | L13: =IFERROR(VLOOKUP(J13,'Articles uniques'!A:H,8,FALSE),"") | M13: =IF(ISNUMBER(K13),G13*K13,"") | N13: =IF(ISNUMBER(L13),G13*L13,"")
A14: Cameroun | B14: francophone | C14: Primaire | D14: SIL | E14: Géométrie | F14: Règle graduée 30cm | G14: 1 | I14: Règle graduée 30cm | J14: =E14&"|"&I14&"|"&H14 | K14: =IFERROR(VLOOKUP(J14,'Articles uniques'!A:H,7,FALSE),"") | L14: =IFERROR(VLOOKUP(J14,'Articles uniques'!A:H,8,FALSE),"") | M14: =IF(ISNUMBER(K14),G14*K14,"") | N14: =IF(ISNUMBER(L14),G14*L14,"")
A15: Cameroun | B15: francophone | C15: Primaire | D15: SIL | E15: Rangement | F15: Trousse | G15: 1 | I15: Trousse | J15: =E15&"|"&I15&"|"&H15 | K15: =IFERROR(VLOOKUP(J15,'Articles uniques'!A:H,7,FALSE),"") | L15: =IFERROR(VLOOKUP(J15,'Articles uniques'!A:H,8,FALSE),"") | M15: =IF(ISNUMBER(K15),G15*K15,"") | N15: =IF(ISNUMBER(L15),G15*L15,"")
A16: Cameroun | B16: francophone | C16: Primaire | D16: SIL | E16: Rangement | F16: Chemise à rabat | G16: 1 | I16: Chemise à rabat | J16: =E16&"|"&I16&"|"&H16 | K16: =IFERROR(VLOOKUP(J16,'Articles uniques'!A:H,7,FALSE),"") | L16: =IFERROR(VLOOKUP(J16,'Articles uniques'!A:H,8,FALSE),"") | M16: =IF(ISNUMBER(K16),G16*K16,"") | N16: =IF(ISNUMBER(L16),G16*L16,"")
A17: Cameroun | B17: francophone | C17: Primaire | D17: SIL | E17: Protection | F17: Couverture pour cahier | G17: 24 | H17: 6 bleues, 6 rouges, 6 jaunes, 6 vertes | I17: Couverture pour cahier | J17: =E17&"|"&I17&"|"&H17 | K17: =IFERROR(VLOOKUP(J17,'Articles uniques'!A:H,7,FALSE),"") | L17: =IFERROR(VLOOKUP(J17,'Articles uniques'!A:H,8,FALSE),"") | M17: =IF(ISNUMBER(K17),G17*K17,"") | N17: =IF(ISNUMBER(L17),G17*L17,"")
A18: Cameroun | B18: francophone | C18: Primaire | D18: SIL | E18: Papier | F18: Paquet papier canson | G18: 1 | I18: Paquet papier canson | J18: =E18&"|"&I18&"|"&H18 | K18: =IFERROR(VLOOKUP(J18,'Articles uniques'!A:H,7,FALSE),"") | L18: =IFERROR(VLOOKUP(J18,'Articles uniques'!A:H,8,FALSE),"") | M18: =IF(ISNUMBER(K18),G18*K18,"") | N18: =IF(ISNUMBER(L18),G18*L18,"")
A19: Cameroun | B19: francophone | C19: Primaire | D19: CP | E19: Cahier | F19: Cahier ordinaire 200 pages | G19: 2 | I19: Cahier ordinaire 200 pages | J19: =E19&"|"&I19&"|"&H19 | K19: =IFERROR(VLOOKUP(J19,'Articles uniques'!A:H,7,FALSE),"") | L19: =IFERROR(VLOOKUP(J19,'Articles uniques'!A:H,8,FALSE),"") | M19: =IF(ISNUMBER(K19),G19*K19,"") | N19: =IF(ISNUMBER(L19),G19*L19,"")
A20: Cameroun | B20: francophone | C20: Primaire | D20: CP | E20: Cahier | F20: Cahier 144 pages | G20: 6 | I20: Cahier 144 pages | J20: =E20&"|"&I20&"|"&H20 | K20: =IFERROR(VLOOKUP(J20,'Articles uniques'!A:H,7,FALSE),"") | L20: =IFERROR(VLOOKUP(J20,'Articles uniques'!A:H,8,FALSE),"") | M20: =IF(ISNUMBER(K20),G20*K20,"") | N20: =IF(ISNUMBER(L20),G20*L20,"")
A21: Cameroun | B21: francophone | C21: Primaire | D21: CP | E21: Cahier | F21: Cahier 80 leaves plain lines (English) | G21: 3 | I21: Cahier 80 leaves plain lines | J21: =E21&"|"&I21&"|"&H21 | K21: =IFERROR(VLOOKUP(J21,'Articles uniques'!A:H,7,FALSE),"") | L21: =IFERROR(VLOOKUP(J21,'Articles uniques'!A:H,8,FALSE),"") | M21: =IF(ISNUMBER(K21),G21*K21,"") | N21: =IF(ISNUMBER(L21),G21*L21,"")
A22: Cameroun | B22: francophone | C22: Primaire | D22: CP | E22: Cahier | F22: Cahier 40 leaves red and blue lines | G22: 1 | I22: Cahier 40 leaves red and blue lines | J22: =E22&"|"&I22&"|"&H22 | K22: =IFERROR(VLOOKUP(J22,'Articles uniques'!A:H,7,FALSE),"") | L22: =IFERROR(VLOOKUP(J22,'Articles uniques'!A:H,8,FALSE),"") | M22: =IF(ISNUMBER(K22),G22*K22,"") | N22: =IF(ISNUMBER(L22),G22*L22,"")
A23: Cameroun | B23: francophone | C23: Primaire | D23: CP | E23: Cahier | F23: Cahier doubles lignes bananier | G23: 15 | I23: Cahier doubles lignes bananier | J23: =E23&"|"&I23&"|"&H23 | K23: =IFERROR(VLOOKUP(J23,'Articles uniques'!A:H,7,FALSE),"") | L23: =IFERROR(VLOOKUP(J23,'Articles uniques'!A:H,8,FALSE),"") | M23: =IF(ISNUMBER(K23),G23*K23,"") | N23: =IF(ISNUMBER(L23),G23*L23,"")
A24: Cameroun | B24: francophone | C24: Primaire | D24: CP | E24: Cahier | F24: Cahier dessin petit format | G24: 1 | I24: Cahier dessin petit format | J24: =E24&"|"&I24&"|"&H24 | K24: =IFERROR(VLOOKUP(J24,'Articles uniques'!A:H,7,FALSE),"") | L24: =IFERROR(VLOOKUP(J24,'Articles uniques'!A:H,8,FALSE),"") | M24: =IF(ISNUMBER(K24),G24*K24,"") | N24: =IF(ISNUMBER(L24),G24*L24,"")
A25: Cameroun | B25: francophone | C25: Primaire | D25: CP | E25: Cahier | F25: Cahier de texte | G25: 1 | H25: pour devoir à domicile | I25: Cahier de texte | J25: =E25&"|"&I25&"|"&H25 | K25: =IFERROR(VLOOKUP(J25,'Articles uniques'!A:H,7,FALSE),"") | L25: =IFERROR(VLOOKUP(J25,'Articles uniques'!A:H,8,FALSE),"") | M25: =IF(ISNUMBER(K25),G25*K25,"") | N25: =IF(ISNUMBER(L25),G25*L25,"")
A26: Cameroun | B26: francophone | C26: Primaire | D26: CP | E26: Cahier | F26: Cahier de liaison | G26: 1 | I26: Cahier de liaison | J26: =E26&"|"&I26&"|"&H26 | K26: =IFERROR(VLOOKUP(J26,'Articles uniques'!A:H,7,FALSE),"") | L26: =IFERROR(VLOOKUP(J26,'Articles uniques'!A:H,8,FALSE),"") | M26: =IF(ISNUMBER(K26),G26*K26,"") | N26: =IF(ISNUMBER(L26),G26*L26,"")
A27: Cameroun | B27: francophone | C27: Primaire | D27: CP | E27: Écriture | F27: Stylo bleu | G27: 6 | I27: Stylo bleu | J27: =E27&"|"&I27&"|"&H27 | K27: =IFERROR(VLOOKUP(J27,'Articles uniques'!A:H,7,FALSE),"") | L27: =IFERROR(VLOOKUP(J27,'Articles uniques'!A:H,8,FALSE),"") | M27: =IF(ISNUMBER(K27),G27*K27,"") | N27: =IF(ISNUMBER(L27),G27*L27,"")
A28: Cameroun | B28: francophone | C28: Primaire | D28: CP | E28: Écriture | F28: Stylo rouge | G28: 4 | I28: Stylo rouge | J28: =E28&"|"&I28&"|"&H28 | K28: =IFERROR(VLOOKUP(J28,'Articles uniques'!A:H,7,FALSE),"") | L28: =IFERROR(VLOOKUP(J28,'Articles uniques'!A:H,8,FALSE),"") | M28: =IF(ISNUMBER(K28),G28*K28,"") | N28: =IF(ISNUMBER(L28),G28*L28,"")
A29: Cameroun | B29: francophone | C29: Primaire | D29: CP | E29: Écriture | F29: Paquet crayons HB ou 2B | G29: 1 | I29: Paquet crayons HB ou 2B | J29: =E29&"|"&I29&"|"&H29 | K29: =IFERROR(VLOOKUP(J29,'Articles uniques'!A:H,7,FALSE),"") | L29: =IFERROR(VLOOKUP(J29,'Articles uniques'!A:H,8,FALSE),"") | M29: =IF(ISNUMBER(K29),G29*K29,"") | N29: =IF(ISNUMBER(L29),G29*L29,"")
A30: Cameroun | B30: francophone | C30: Primaire | D30: CP | E30: Écriture | F30: Paquet crayons couleur | G30: 1 | I30: Paquet crayons couleur | J30: =E30&"|"&I30&"|"&H30 | K30: =IFERROR(VLOOKUP(J30,'Articles uniques'!A:H,7,FALSE),"") | L30: =IFERROR(VLOOKUP(J30,'Articles uniques'!A:H,8,FALSE),"") | M30: =IF(ISNUMBER(K30),G30*K30,"") | N30: =IF(ISNUMBER(L30),G30*L30,"")
A31: Cameroun | B31: francophone | C31: Primaire | D31: CP | E31: Écriture | F31: Taille-crayon | G31: 1 | I31: Taille-crayon | J31: =E31&"|"&I31&"|"&H31 | K31: =IFERROR(VLOOKUP(J31,'Articles uniques'!A:H,7,FALSE),"") | L31: =IFERROR(VLOOKUP(J31,'Articles uniques'!A:H,8,FALSE),"") | M31: =IF(ISNUMBER(K31),G31*K31,"") | N31: =IF(ISNUMBER(L31),G31*L31,"")
A32: Cameroun | B32: francophone | C32: Primaire | D32: CP | E32: Écriture | F32: Gomme | G32: 5 | I32: Gomme | J32: =E32&"|"&I32&"|"&H32 | K32: =IFERROR(VLOOKUP(J32,'Articles uniques'!A:H,7,FALSE),"") | L32: =IFERROR(VLOOKUP(J32,'Articles uniques'!A:H,8,FALSE),"") | M32: =IF(ISNUMBER(K32),G32*K32,"") | N32: =IF(ISNUMBER(L32),G32*L32,"")
A33: Cameroun | B33: francophone | C33: Primaire | D33: CP | E33: Écriture | F33: Colle UHU | G33: 1 | I33: Colle UHU | J33: =E33&"|"&I33&"|"&H33 | K33: =IFERROR(VLOOKUP(J33,'Articles uniques'!A:H,7,FALSE),"") | L33: =IFERROR(VLOOKUP(J33,'Articles uniques'!A:H,8,FALSE),"") | M33: =IF(ISNUMBER(K33),G33*K33,"") | N33: =IF(ISNUMBER(L33),G33*L33,"")
A34: Cameroun | B34: francophone | C34: Primaire | D34: CP | E34: Écriture | F34: Paquet marqueurs Bic Velleda + crayons couleur | G34: 1 | I34: Paquet marqueurs Bic Velleda + crayons couleur | J34: =E34&"|"&I34&"|"&H34 | K34: =IFERROR(VLOOKUP(J34,'Articles uniques'!A:H,7,FALSE),"") | L34: =IFERROR(VLOOKUP(J34,'Articles uniques'!A:H,8,FALSE),"") | M34: =IF(ISNUMBER(K34),G34*K34,"") | N34: =IF(ISNUMBER(L34),G34*L34,"")
A35: Cameroun | B35: francophone | C35: Primaire | D35: CP | E35: Ardoise | F35: Ardoise à feutre | G35: 1 | I35: Ardoise à feutre | J35: =E35&"|"&I35&"|"&H35 | K35: =IFERROR(VLOOKUP(J35,'Articles uniques'!A:H,7,FALSE),"") | L35: =IFERROR(VLOOKUP(J35,'Articles uniques'!A:H,8,FALSE),"") | M35: =IF(ISNUMBER(K35),G35*K35,"") | N35: =IF(ISNUMBER(L35),G35*L35,"")
A36: Cameroun | B36: francophone | C36: Primaire | D36: CP | E36: Ardoise | F36: Effaçoir pour ardoise | G36: 1 | I36: Effaçoir pour ardoise | J36: =E36&"|"&I36&"|"&H36 | K36: =IFERROR(VLOOKUP(J36,'Articles uniques'!A:H,7,FALSE),"") | L36: =IFERROR(VLOOKUP(J36,'Articles uniques'!A:H,8,FALSE),"") | M36: =IF(ISNUMBER(K36),G36*K36,"") | N36: =IF(ISNUMBER(L36),G36*L36,"")
A37: Cameroun | B37: francophone | C37: Primaire | D37: CP | E37: Géométrie | F37: Règle graduée 30cm | G37: 1 | I37: Règle graduée 30cm | J37: =E37&"|"&I37&"|"&H37 | K37: =IFERROR(VLOOKUP(J37,'Articles uniques'!A:H,7,FALSE),"") | L37: =IFERROR(VLOOKUP(J37,'Articles uniques'!A:H,8,FALSE),"") | M37: =IF(ISNUMBER(K37),G37*K37,"") | N37: =IF(ISNUMBER(L37),G37*L37,"")
... A39: Cameroun | B39: francophone | C39: Primaire | D39: CP | E39: Rangement | F39: Chemise à rabat | G39: 1 | I39: Chemise à rabat | J39: =E39&"|"&I39&"|"&H39 | K39: =IFERROR(VLOOKUP(J39,'Articles uniques'!A:H,7,FALSE),"") | L39: =IFERROR(VLOOKUP(J39,'Articles uniques'!A:H,8,FALSE),"") | M39: =IF(ISNUMBER(K39),G39*K39,"") | N39: =IF(ISNUMBER(L39),G39*L39,"")
A40: Cameroun | B40: francophone | C40: Primaire | D40: CP | E40: Protection | F40: Couverture pour cahier | G40: 20 | H40: 5 bleues, 5 rouges, 5 jaunes, 5 vertes | I40: Couverture pour cahier | J40: =E40&"|"&I40&"|"&H40 | K40: =IFERROR(VLOOKUP(J40,'Articles uniques'!A:H,7,FALSE),"") | L40: =IFERROR(VLOOKUP(J40,'Articles uniques'!A:H,8,FALSE),"") | M40: =IF(ISNUMBER(K40),G40*K40,"") | N40: =IF(ISNUMBER(L40),G40*L40,"")
A41: Cameroun | B41: francophone | C41: Primaire | D41: CP | E41: Protection | F41: Couvre-livre | G41: 1 | H41: paquet | I41: Couvre-livre | J41: =E41&"|"&I41&"|"&H41 | K41: =IFERROR(VLOOKUP(J41,'Articles uniques'!A:H,7,FALSE),"") | L41: =IFERROR(VLOOKUP(J41,'Articles uniques'!A:H,8,FALSE),"") | M41: =IF(ISNUMBER(K41),G41*K41,"") | N41: =IF(ISNUMBER(L41),G41*L41,"")
A42: Cameroun | B42: francophone | C42: Primaire | D42: CE1 | E42: Cahier | F42: Cahier français 200 pages | G42: 1 | I42: Cahier français 200 pages | J42: =E42&"|"&I42&"|"&H42 | K42: =IFERROR(VLOOKUP(J42,'Articles uniques'!A:H,7,FALSE),"") | L42: =IFERROR(VLOOKUP(J42,'Articles uniques'!A:H,8,FALSE),"") | M42: =IF(ISNUMBER(K42),G42*K42,"") | N42: =IF(ISNUMBER(L42),G42*L42,"")
A43: Cameroun | B43: francophone | C43: Primaire | D43: CE1 | E43: Cahier | F43: Cahier d'exercices français 200 pages | G43: 1 | I43: Cahier d'exercices français 200 pages | J43: =E43&"|"&I43&"|"&H43 | K43: =IFERROR(VLOOKUP(J43,'Articles uniques'!A:H,7,FALSE),"") | L43: =IFERROR(VLOOKUP(J43,'Articles uniques'!A:H,8,FALSE),"") | M43: =IF(ISNUMBER(K43),G43*K43,"") | N43: =IF(ISNUMBER(L43),G43*L43,"")
A44: Cameroun | B44: francophone | C44: Primaire | D44: CE1 | E44: Cahier | F44: Cahier de devoirs 200 pages | G44: 1 | I44: Cahier de devoirs 200 pages | J44: =E44&"|"&I44&"|"&H44 | K44: =IFERROR(VLOOKUP(J44,'Articles uniques'!A:H,7,FALSE),"") | L44: =IFERROR(VLOOKUP(J44,'Articles uniques'!A:H,8,FALSE),"") | M44: =IF(ISNUMBER(K44),G44*K44,"") | N44: =IF(ISNUMBER(L44),G44*L44,"")
A45: Cameroun | B45: francophone | C45: Primaire | D45: CE1 | E45: Cahier | F45: Cahier mathématiques 288 pages | G45: 1 | I45: Cahier mathématiques 288 pages | J45: =E45&"|"&I45&"|"&H45 | K45: =IFERROR(VLOOKUP(J45,'Articles uniques'!A:H,7,FALSE),"") | L45: =IFERROR(VLOOKUP(J45,'Articles uniques'!A:H,8,FALSE),"") | M45: =IF(ISNUMBER(K45),G45*K45,"") | N45: =IF(ISNUMBER(L45),G45*L45,"")
A46: Cameroun | B46: francophone | C46: Primaire | D46: CE1 | E46: Cahier | F46: Cahier d'exercices maths 200 pages | G46: 1 | I46: Cahier d'exercices maths 200 pages | J46: =E46&"|"&I46&"|"&H46 | K46: =IFERROR(VLOOKUP(J46,'Articles uniques'!A:H,7,FALSE),"") | L46: =IFERROR(VLOOKUP(J46,'Articles uniques'!A:H,8,FALSE),"") | M46: =IF(ISNUMBER(K46),G46*K46,"") | N46: =IF(ISNUMBER(L46),G46*L46,"")
A47: Cameroun | B47: francophone | C47: Primaire | D47: CE1 | E47: Cahier | F47: Cahier d'informatique 200 pages | G47: 1 | I47: Cahier d'informatique 200 pages | J47: =E47&"|"&I47&"|"&H47 | K47: =IFERROR(VLOOKUP(J47,'Articles uniques'!A:H,7,FALSE),"") | L47: =IFERROR(VLOOKUP(J47,'Articles uniques'!A:H,8,FALSE),"") | M47: =IF(ISNUMBER(K47),G47*K47,"") | N47: =IF(ISNUMBER(L47),G47*L47,"")
A48: Cameroun | B48: francophone | C48: Primaire | D48: CE1 | E48: Cahier | F48: Cahier de chants et récits 100 pages | G48: 1 | I48: Cahier de chants et récits 100 pages | J48: =E48&"|"&I48&"|"&H48 | K48: =IFERROR(VLOOKUP(J48,'Articles uniques'!A:H,7,FALSE),"") | L48: =IFERROR(VLOOKUP(J48,'Articles uniques'!A:H,8,FALSE),"") | M48: =IF(ISNUMBER(K48),G48*K48,"") | N48: =IF(ISNUMBER(L48),G48*L48,"")
A49: Cameroun | B49: francophone | C49: Primaire | D49: CE1 | E49: Cahier | F49: Cahier de résumés 200 pages | G49: 1 | I49: Cahier de résumés 200 pages | J49: =E49&"|"&I49&"|"&H49 | K49: =IFERROR(VLOOKUP(J49,'Articles uniques'!A:H,7,FALSE),"") | L49: =IFERROR(VLOOKUP(J49,'Articles uniques'!A:H,8,FALSE),"") | M49: =IF(ISNUMBER(K49),G49*K49,"") | N49: =IF(ISNUMBER(L49),G49*L49,"")
A50: Cameroun | B50: francophone | C50: Primaire | D50: CE1 | E50: Cahier | F50: Cahier de contrôle hebdomadaire 288 pages | G50: 1 | I50: Cahier de contrôle hebdomadaire 288 pages | J50: =E50&"|"&I50&"|"&H50 | K50: =IFERROR(VLOOKUP(J50,'Articles uniques'!A:H,7,FALSE),"") | L50: =IFERROR(VLOOKUP(J50,'Articles uniques'!A:H,8,FALSE),"") | M50: =IF(ISNUMBER(K50),G50*K50,"") | N50: =IF(ISNUMBER(L50),G50*L50,"")
A51: Cameroun | B51: francophone | C51: Primaire | D51: CE1 | E51: Cahier | F51: Cahier de texte | G51: 1 | I51: Cahier de texte | J51: =E51&"|"&I51&"|"&H51 | K51: =IFERROR(VLOOKUP(J51,'Articles uniques'!A:H,7,FALSE),"") | L51: =IFERROR(VLOOKUP(J51,'Articles uniques'!A:H,8,FALSE),"") | M51: =IF(ISNUMBER(K51),G51*K51,"") | N51: =IF(ISNUMBER(L51),G51*L51,"")
A52: Cameroun | B52: francophone | C52: Primaire | D52: CE1 | E52: Cahier | F52: Cahier de liaison | G52: 1 | I52: Cahier de liaison | J52: =E52&"|"&I52&"|"&H52 | K52: =IFERROR(VLOOKUP(J52,'Articles uniques'!A:H,7,FALSE),"") | L52: =IFERROR(VLOOKUP(J52,'Articles uniques'!A:H,8,FALSE),"") | M52: =IF(ISNUMBER(K52),G52*K52,"") | N52: =IF(ISNUMBER(L52),G52*L52,"")
A53: Cameroun | B53: francophone | C53: Primaire | D53: CE1 | E53: Cahier | F53: Cahier 40 leaves plain lines English | G53: 2 | I53: Cahier 40 leaves plain lines English | J53: =E53&"|"&I53&"|"&H53 | K53: =IFERROR(VLOOKUP(J53,'Articles uniques'!A:H,7,FALSE),"") | L53: =IFERROR(VLOOKUP(J53,'Articles uniques'!A:H,8,FALSE),"") | M53: =IF(ISNUMBER(K53),G53*K53,"") | N53: =IF(ISNUMBER(L53),G53*L53,"")
... A68: Cameroun | B68: francophone | C68: Primaire | D68: CE1 | E68: Rangement | F68: Chemise à rabat | G68: 1 | I68: Chemise à rabat | J68: =E68&"|"&I68&"|"&H68 | K68: =IFERROR(VLOOKUP(J68,'Articles uniques'!A:H,7,FALSE),"") | L68: =IFERROR(VLOOKUP(J68,'Articles uniques'!A:H,8,FALSE),"") | M68: =IF(ISNUMBER(K68),G68*K68,"") | N68: =IF(ISNUMBER(L68),G68*L68,"")
A69: Cameroun | B69: francophone | C69: Primaire | D69: CE1 | E69: Protection | F69: Couverture pour cahier | G69: 12 | H69: 3 vertes, 3 rouges, 3 jaunes, 3 bleues | I69: Couverture pour cahier | J69: =E69&"|"&I69&"|"&H69 | K69: =IFERROR(VLOOKUP(J69,'Articles uniques'!A:H,7,FALSE),"") | L69: =IFERROR(VLOOKUP(J69,'Articles uniques'!A:H,8,FALSE),"") | M69: =IF(ISNUMBER(K69),G69*K69,"") | N69: =IF(ISNUMBER(L69),G69*L69,"")
A70: Cameroun | B70: francophone | C70: Primaire | D70: CE2 | E70: Cahier | F70: Cahier français 200 pages | G70: 1 | I70: Cahier français 200 pages | J70: =E70&"|"&I70&"|"&H70 | K70: =IFERROR(VLOOKUP(J70,'Articles uniques'!A:H,7,FALSE),"") | L70: =IFERROR(VLOOKUP(J70,'Articles uniques'!A:H,8,FALSE),"") | M70: =IF(ISNUMBER(K70),G70*K70,"") | N70: =IF(ISNUMBER(L70),G70*L70,"")
A71: Cameroun | B71: francophone | C71: Primaire | D71: CE2 | E71: Cahier | F71: Cahier d'exercices français 200 pages | G71: 1 | I71: Cahier d'exercices français 200 pages | J71: =E71&"|"&I71&"|"&H71 | K71: =IFERROR(VLOOKUP(J71,'Articles uniques'!A:H,7,FALSE),"") | L71: =IFERROR(VLOOKUP(J71,'Articles uniques'!A:H,8,FALSE),"") | M71: =IF(ISNUMBER(K71),G71*K71,"") | N71: =IF(ISNUMBER(L71),G71*L71,"")
A72: Cameroun | B72: francophone | C72: Primaire | D72: CE2 | E72: Cahier | F72: Cahier de devoirs 288 pages | G72: 1 | I72: Cahier de devoirs 288 pages | J72: =E72&"|"&I72&"|"&H72 | K72: =IFERROR(VLOOKUP(J72,'Articles uniques'!A:H,7,FALSE),"") | L72: =IFERROR(VLOOKUP(J72,'Articles uniques'!A:H,8,FALSE),"") | M72: =IF(ISNUMBER(K72),G72*K72,"") | N72: =IF(ISNUMBER(L72),G72*L72,"")
A73: Cameroun | B73: francophone | C73: Primaire | D73: CE2 | E73: Cahier | F73: Cahier mathématiques 288 pages | G73: 1 | I73: Cahier mathématiques 288 pages | J73: =E73&"|"&I73&"|"&H73 | K73: =IFERROR(VLOOKUP(J73,'Articles uniques'!A:H,7,FALSE),"") | L73: =IFERROR(VLOOKUP(J73,'Articles uniques'!A:H,8,FALSE),"") | M73: =IF(ISNUMBER(K73),G73*K73,"") | N73: =IF(ISNUMBER(L73),G73*L73,"")
A74: Cameroun | B74: francophone | C74: Primaire | D74: CE2 | E74: Cahier | F74: Cahier d'exercices maths 200 pages | G74: 1 | I74: Cahier d'exercices maths 200 pages | J74: =E74&"|"&I74&"|"&H74 | K74: =IFERROR(VLOOKUP(J74,'Articles uniques'!A:H,7,FALSE),"") | L74: =IFERROR(VLOOKUP(J74,'Articles uniques'!A:H,8,FALSE),"") | M74: =IF(ISNUMBER(K74),G74*K74,"") | N74: =IF(ISNUMBER(L74),G74*L74,"")
A75: Cameroun | B75: francophone | C75: Primaire | D75: CE2 | E75: Cahier | F75: Cahier d'informatique 144 pages | G75: 1 | I75: Cahier d'informatique 144 pages | J75: =E75&"|"&I75&"|"&H75 | K75: =IFERROR(VLOOKUP(J75,'Articles uniques'!A:H,7,FALSE),"") | L75: =IFERROR(VLOOKUP(J75,'Articles uniques'!A:H,8,FALSE),"") | M75: =IF(ISNUMBER(K75),G75*K75,"") | N75: =IF(ISNUMBER(L75),G75*L75,"")
A76: Cameroun | B76: francophone | C76: Primaire | D76: CE2 | E76: Cahier | F76: Cahier de chants et récits 100 pages | G76: 1 | I76: Cahier de chants et récits 100 pages | J76: =E76&"|"&I76&"|"&H76 | K76: =IFERROR(VLOOKUP(J76,'Articles uniques'!A:H,7,FALSE),"") | L76: =IFERROR(VLOOKUP(J76,'Articles uniques'!A:H,8,FALSE),"") | M76: =IF(ISNUMBER(K76),G76*K76,"") | N76: =IF(ISNUMBER(L76),G76*L76,"")
A77: Cameroun | B77: francophone | C77: Primaire | D77: CE2 | E77: Cahier | F77: Cahier de résumés 288 pages | G77: 1 | I77: Cahier de résumés 288 pages | J77: =E77&"|"&I77&"|"&H77 | K77: =IFERROR(VLOOKUP(J77,'Articles uniques'!A:H,7,FALSE),"") | L77: =IFERROR(VLOOKUP(J77,'Articles uniques'!A:H,8,FALSE),"") | M77: =IF(ISNUMBER(K77),G77*K77,"") | N77: =IF(ISNUMBER(L77),G77*L77,"")
A78: Cameroun | B78: francophone | C78: Primaire | D78: CE2 | E78: Cahier | F78: Cahier de contrôle hebdomadaire 288 pages | G78: 1 | I78: Cahier de contrôle hebdomadaire 288 pages | J78: =E78&"|"&I78&"|"&H78 | K78: =IFERROR(VLOOKUP(J78,'Articles uniques'!A:H,7,FALSE),"") | L78: =IFERROR(VLOOKUP(J78,'Articles uniques'!A:H,8,FALSE),"") | M78: =IF(ISNUMBER(K78),G78*K78,"") | N78: =IF(ISNUMBER(L78),G78*L78,"")
A79: Cameroun | B79: francophone | C79: Primaire | D79: CE2 | E79: Cahier | F79: Cahier de dictée et PE 288 pages | G79: 1 | I79: Cahier de dictée et PE 288 pages | J79: =E79&"|"&I79&"|"&H79 | K79: =IFERROR(VLOOKUP(J79,'Articles uniques'!A:H,7,FALSE),"") | L79: =IFERROR(VLOOKUP(J79,'Articles uniques'!A:H,8,FALSE),"") | M79: =IF(ISNUMBER(K79),G79*K79,"") | N79: =IF(ISNUMBER(L79),G79*L79,"")
A80: Cameroun | B80: francophone | C80: Primaire | D80: CE2 | E80: Cahier | F80: Cahier 40 leaves plain lines English | G80: 2 | I80: Cahier 40 leaves plain lines English | J80: =E80&"|"&I80&"|"&H80 | K80: =IFERROR(VLOOKUP(J80,'Articles uniques'!A:H,7,FALSE),"") | L80: =IFERROR(VLOOKUP(J80,'Articles uniques'!A:H,8,FALSE),"") | M80: =IF(ISNUMBER(K80),G80*K80,"") | N80: =IF(ISNUMBER(L80),G80*L80,"")
A81: Cameroun | B81: francophone | C81: Primaire | D81: CE2 | E81: Cahier | F81: Cahier de texte | G81: 1 | I81: Cahier de texte | J81: =E81&"|"&I81&"|"&H81 | K81: =IFERROR(VLOOKUP(J81,'Articles uniques'!A:H,7,FALSE),"") | L81: =IFERROR(VLOOKUP(J81,'Articles uniques'!A:H,8,FALSE),"") | M81: =IF(ISNUMBER(K81),G81*K81,"") | N81: =IF(ISNUMBER(L81),G81*L81,"")
... A95: Cameroun | B95: francophone | C95: Primaire | D95: CE2 | E95: Rangement | F95: Chemise à rabat | G95: 1 | I95: Chemise à rabat | J95: =E95&"|"&I95&"|"&H95 | K95: =IFERROR(VLOOKUP(J95,'Articles uniques'!A:H,7,FALSE),"") | L95: =IFERROR(VLOOKUP(J95,'Articles uniques'!A:H,8,FALSE),"") | M95: =IF(ISNUMBER(K95),G95*K95,"") | N95: =IF(ISNUMBER(L95),G95*L95,"")
A96: Cameroun | B96: francophone | C96: Primaire | D96: CE2 | E96: Protection | F96: Couverture pour cahier | G96: 12 | H96: 3 vertes, 3 rouges, 3 jaunes, 3 bleues | I96: Couverture pour cahier | J96: =E96&"|"&I96&"|"&H96 | K96: =IFERROR(VLOOKUP(J96,'Articles uniques'!A:H,7,FALSE),"") | L96: =IFERROR(VLOOKUP(J96,'Articles uniques'!A:H,8,FALSE),"") | M96: =IF(ISNUMBER(K96),G96*K96,"") | N96: =IF(ISNUMBER(L96),G96*L96,"")
A97: Cameroun | B97: francophone | C97: Primaire | D97: CM1 | E97: Cahier | F97: Cahier français 288 pages | G97: 1 | H97: couverture verte | I97: Cahier français 288 pages | J97: =E97&"|"&I97&"|"&H97 | K97: =IFERROR(VLOOKUP(J97,'Articles uniques'!A:H,7,FALSE),"") | L97: =IFERROR(VLOOKUP(J97,'Articles uniques'!A:H,8,FALSE),"") | M97: =IF(ISNUMBER(K97),G97*K97,"") | N97: =IF(ISNUMBER(L97),G97*L97,"")
A98: Cameroun | B98: francophone | C98: Primaire | D98: CM1 | E98: Cahier | F98: Cahier d'exercices français 300 pages | G98: 1 | H98: couverture verte | I98: Cahier d'exercices français 300 pages | J98: =E98&"|"&I98&"|"&H98 | K98: =IFERROR(VLOOKUP(J98,'Articles uniques'!A:H,7,FALSE),"") | L98: =IFERROR(VLOOKUP(J98,'Articles uniques'!A:H,8,FALSE),"") | M98: =IF(ISNUMBER(K98),G98*K98,"") | N98: =IF(ISNUMBER(L98),G98*L98,"")
A99: Cameroun | B99: francophone | C99: Primaire | D99: CM1 | E99: Cahier | F99: Cahier mathématiques 288 pages | G99: 1 | H99: couverture bleue | I99: Cahier mathématiques 288 pages | J99: =E99&"|"&I99&"|"&H99 | K99: =IFERROR(VLOOKUP(J99,'Articles uniques'!A:H,7,FALSE),"") | L99: =IFERROR(VLOOKUP(J99,'Articles uniques'!A:H,8,FALSE),"") | M99: =IF(ISNUMBER(K99),G99*K99,"") | N99: =IF(ISNUMBER(L99),G99*L99,"")
A100: Cameroun | B100: francophone | C100: Primaire | D100: CM1 | E100: Cahier | F100: Cahier d'exercices maths 300 pages | G100: 1 | H100: couverture bleue | I100: Cahier d'exercices maths 300 pages | J100: =E100&"|"&I100&"|"&H100 | K100: =IFERROR(VLOOKUP(J100,'Articles uniques'!A:H,7,FALSE),"") | L100: =IFERROR(VLOOKUP(J100,'Articles uniques'!A:H,8,FALSE),"") | M100: =IF(ISNUMBER(K100),G100*K100,"") | N100: =IF(ISNUMBER(L100),G100*L100,"")
A101: Cameroun | B101: francophone | C101: Primaire | D101: CM1 | E101: Cahier | F101: Cahier de résumés 300 pages | G101: 1 | H101: couverture marron | I101: Cahier de résumés 300 pages | J101: =E101&"|"&I101&"|"&H101 | K101: =IFERROR(VLOOKUP(J101,'Articles uniques'!A:H,7,FALSE),"") | L101: =IFERROR(VLOOKUP(J101,'Articles uniques'!A:H,8,FALSE),"") | M101: =IF(ISNUMBER(K101),G101*K101,"") | N101: =IF(ISNUMBER(L101),G101*L101,"")
A102: Cameroun | B102: francophone | C102: Primaire | D102: CM1 | E102: Cahier | F102: Cahier d'informatique 100 pages | G102: 1 | H102: couverture rouge | I102: Cahier d'informatique 100 pages | J102: =E102&"|"&I102&"|"&H102 | K102: =IFERROR(VLOOKUP(J102,'Articles uniques'!A:H,7,FALSE),"") | L102: =IFERROR(VLOOKUP(J102,'Articles uniques'!A:H,8,FALSE),"") | M102: =IF(ISNUMBER(K102),G102*K102,"") | N102: =IF(ISNUMBER(L102),G102*L102,"")
A103: Cameroun | B103: francophone | C103: Primaire | D103: CM1 | E103: Cahier | F103: Cahier de chants/récits 100 pages | G103: 1 | H103: couverture rouge | I103: Cahier de chants/récits 100 pages | J103: =E103&"|"&I103&"|"&H103 | K103: =IFERROR(VLOOKUP(J103,'Articles uniques'!A:H,7,FALSE),"") | L103: =IFERROR(VLOOKUP(J103,'Articles uniques'!A:H,8,FALSE),"") | M103: =IF(ISNUMBER(K103),G103*K103,"") | N103: =IF(ISNUMBER(L103),G103*L103,"")
A104: Cameroun | B104: francophone | C104: Primaire | D104: CM1 | E104: Cahier | F104: Cahier 80 leaves plain lines English | G104: 2 | H104: couverture rose | I104: Cahier 80 leaves plain lines English | J104: =E104&"|"&I104&"|"&H104 | K104: =IFERROR(VLOOKUP(J104,'Articles uniques'!A:H,7,FALSE),"") | L104: =IFERROR(VLOOKUP(J104,'Articles uniques'!A:H,8,FALSE),"") | M104: =IF(ISNUMBER(K104),G104*K104,"") | N104: =IF(ISNUMBER(L104),G104*L104,"")
A105: Cameroun | B105: francophone | C105: Primaire | D105: CM1 | E105: Cahier | F105: Cahier de dictée et PE 288 pages | G105: 1 | H105: couverture verte | I105: Cahier de dictée et PE 288 pages | J105: =E105&"|"&I105&"|"&H105 | K105: =IFERROR(VLOOKUP(J105,'Articles uniques'!A:H,7,FALSE),"") | L105: =IFERROR(VLOOKUP(J105,'Articles uniques'!A:H,8,FALSE),"") | M105: =IF(ISNUMBER(K105),G105*K105,"") | N105: =IF(ISNUMBER(L105),G105*L105,"")
A106: Cameroun | B106: francophone | C106: Primaire | D106: CM1 | E106: Cahier | F106: Cahier de texte | G106: 1 | I106: Cahier de texte | J106: =E106&"|"&I106&"|"&H106 | K106: =IFERROR(VLOOKUP(J106,'Articles uniques'!A:H,7,FALSE),"") | L106: =IFERROR(VLOOKUP(J106,'Articles uniques'!A:H,8,FALSE),"") | M106: =IF(ISNUMBER(K106),G106*K106,"") | N106: =IF(ISNUMBER(L106),G106*L106,"")
A107: Cameroun | B107: francophone | C107: Primaire | D107: CM1 | E107: Cahier | F107: Cahier de liaison | G107: 1 | I107: Cahier de liaison | J107: =E107&"|"&I107&"|"&H107 | K107: =IFERROR(VLOOKUP(J107,'Articles uniques'!A:H,7,FALSE),"") | L107: =IFERROR(VLOOKUP(J107,'Articles uniques'!A:H,8,FALSE),"") | M107: =IF(ISNUMBER(K107),G107*K107,"") | N107: =IF(ISNUMBER(L107),G107*L107,"")
A108: Cameroun | B108: francophone | C108: Primaire | D108: CM1 | E108: Cahier | F108: Cahier d'évaluation hebdomadaire 300 pages | G108: 1 | H108: couverture orange | I108: Cahier d'évaluation hebdomadaire 300 pages | J108: =E108&"|"&I108&"|"&H108 | K108: =IFERROR(VLOOKUP(J108,'Articles uniques'!A:H,7,FALSE),"") | L108: =IFERROR(VLOOKUP(J108,'Articles uniques'!A:H,8,FALSE),"") | M108: =IF(ISNUMBER(K108),G108*K108,"") | N108: =IF(ISNUMBER(L108),G108*L108,"")
A109: Cameroun | B109: francophone | C109: Primaire | D109: CM1 | E109: Cahier | F109: Cahier TP Sciences/Technologie 200 pages | G109: 1 | H109: couverture verte | I109: Cahier TP Sciences/Technologie 200 pages | J109: =E109&"|"&I109&"|"&H109 | K109: =IFERROR(VLOOKUP(J109,'Articles uniques'!A:H,7,FALSE),"") | L109: =IFERROR(VLOOKUP(J109,'Articles uniques'!A:H,8,FALSE),"") | M109: =IF(ISNUMBER(K109),G109*K109,"") | N109: =IF(ISNUMBER(L109),G109*L109,"")
A110: Cameroun | B110: francophone | C110: Primaire | D110: CM1 | E110: Cahier | F110: Cahier de dessin grand format | G110: 1 | I110: Cahier de dessin grand format | J110: =E110&"|"&I110&"|"&H110 | K110: =IFERROR(VLOOKUP(J110,'Articles uniques'!A:H,7,FALSE),"") | L110: =IFERROR(VLOOKUP(J110,'Articles uniques'!A:H,8,FALSE),"") | M110: =IF(ISNUMBER(K110),G110*K110,"") | N110: =IF(ISNUMBER(L110),G110*L110,"")
A111: Cameroun | B111: francophone | C111: Primaire | D111: CM1 | E111: Écriture | F111: Stylo bleu | G111: 2 | I111: Stylo bleu | J111: =E111&"|"&I111&"|"&H111 | K111: =IFERROR(VLOOKUP(J111,'Articles uniques'!A:H,7,FALSE),"") | L111: =IFERROR(VLOOKUP(J111,'Articles uniques'!A:H,8,FALSE),"") | M111: =IF(ISNUMBER(K111),G111*K111,"") | N111: =IF(ISNUMBER(L111),G111*L111,"")
A112: Cameroun | B112: francophone | C112: Primaire | D112: CM1 | E112: Écriture | F112: Stylo rouge | G112: 2 | I112: Stylo rouge | J112: =E112&"|"&I112&"|"&H112 | K112: =IFERROR(VLOOKUP(J112,'Articles uniques'!A:H,7,FALSE),"") | L112: =IFERROR(VLOOKUP(J112,'Articles uniques'!A:H,8,FALSE),"") | M112: =IF(ISNUMBER(K112),G112*K112,"") | N112: =IF(ISNUMBER(L112),G112*L112,"")
A113: Cameroun | B113: francophone | C113: Primaire | D113: CM1 | E113: Écriture | F113: Paquet crayons ordinaires 2B | G113: 1 | I113: Paquet crayons ordinaires 2B | J113: =E113&"|"&I113&"|"&H113 | K113: =IFERROR(VLOOKUP(J113,'Articles uniques'!A:H,7,FALSE),"") | L113: =IFERROR(VLOOKUP(J113,'Articles uniques'!A:H,8,FALSE),"") | M113: =IF(ISNUMBER(K113),G113*K113,"") | N113: =IF(ISNUMBER(L113),G113*L113,"")
A114: Cameroun | B114: francophone | C114: Primaire | D114: CM1 | E114: Écriture | F114: Taille-crayon | G114: 1 | I114: Taille-crayon | J114: =E114&"|"&I114&"|"&H114 | K114: =IFERROR(VLOOKUP(J114,'Articles uniques'!A:H,7,FALSE),"") | L114: =IFERROR(VLOOKUP(J114,'Articles uniques'!A:H,8,FALSE),"") | M114: =IF(ISNUMBER(K114),G114*K114,"") | N114: =IF(ISNUMBER(L114),G114*L114,"")
A115: Cameroun | B115: francophone | C115: Primaire | D115: CM1 | E115: Écriture | F115: Gomme | G115: 1 | I115: Gomme | J115: =E115&"|"&I115&"|"&H115 | K115: =IFERROR(VLOOKUP(J115,'Articles uniques'!A:H,7,FALSE),"") | L115: =IFERROR(VLOOKUP(J115,'Articles uniques'!A:H,8,FALSE),"") | M115: =IF(ISNUMBER(K115),G115*K115,"") | N115: =IF(ISNUMBER(L115),G115*L115,"")
A116: Cameroun | B116: francophone | C116: Primaire | D116: CM1 | E116: Écriture | F116: Bâton de colle | G116: 1 | I116: Bâton de colle | J116: =E116&"|"&I116&"|"&H116 | K116: =IFERROR(VLOOKUP(J116,'Articles uniques'!A:H,7,FALSE),"") | L116: =IFERROR(VLOOKUP(J116,'Articles uniques'!A:H,8,FALSE),"") | M116: =IF(ISNUMBER(K116),G116*K116,"") | N116: =IF(ISNUMBER(L116),G116*L116,"")
A117: Cameroun | B117: francophone | C117: Primaire | D117: CM1 | E117: Écriture | F117: Clé USB | G117: 1 | I117: Clé USB | J117: =E117&"|"&I117&"|"&H117 | K117: =IFERROR(VLOOKUP(J117,'Articles uniques'!A:H,7,FALSE),"") | L117: =IFERROR(VLOOKUP(J117,'Articles uniques'!A:H,8,FALSE),"") | M117: =IF(ISNUMBER(K117),G117*K117,"") | N117: =IF(ISNUMBER(L117),G117*L117,"")
A118: Cameroun | B118: francophone | C118: Primaire | D118: CM1 | E118: Écriture | F118: Paquet marqueurs ardoise + crayons couleur | G118: 1 | I118: Paquet marqueurs ardoise + crayons couleur | J118: =E118&"|"&I118&"|"&H118 | K118: =IFERROR(VLOOKUP(J118,'Articles uniques'!A:H,7,FALSE),"") | L118: =IFERROR(VLOOKUP(J118,'Articles uniques'!A:H,8,FALSE),"") | M118: =IF(ISNUMBER(K118),G118*K118,"") | N118: =IF(ISNUMBER(L118),G118*L118,"")
A119: Cameroun | B119: francophone | C119: Primaire | D119: CM1 | E119: Ardoise | F119: Ardoise à marqueurs | G119: 1 | I119: Ardoise à marqueurs | J119: =E119&"|"&I119&"|"&H119 | K119: =IFERROR(VLOOKUP(J119,'Articles uniques'!A:H,7,FALSE),"") | L119: =IFERROR(VLOOKUP(J119,'Articles uniques'!A:H,8,FALSE),"") | M119: =IF(ISNUMBER(K119),G119*K119,"") | N119: =IF(ISNUMBER(L119),G119*L119,"")
A120: Cameroun | B120: francophone | C120: Primaire | D120: CM1 | E120: Ardoise | F120: Effaçoir | G120: 1 | I120: Effaçoir | J120: =E120&"|"&I120&"|"&H120 | K120: =IFERROR(VLOOKUP(J120,'Articles uniques'!A:H,7,FALSE),"") | L120: =IFERROR(VLOOKUP(J120,'Articles uniques'!A:H,8,FALSE),"") | M120: =IF(ISNUMBER(K120),G120*K120,"") | N120: =IF(ISNUMBER(L120),G120*L120,"")
A121: Cameroun | B121: francophone | C121: Primaire | D121: CM1 | E121: Géométrie | F121: Règle graduée 30cm | G121: 1 | I121: Règle graduée 30cm | J121: =E121&"|"&I121&"|"&H121 | K121: =IFERROR(VLOOKUP(J121,'Articles uniques'!A:H,7,FALSE),"") | L121: =IFERROR(VLOOKUP(J121,'Articles uniques'!A:H,8,FALSE),"") | M121: =IF(ISNUMBER(K121),G121*K121,"") | N121: =IF(ISNUMBER(L121),G121*L121,"")
... A125: Cameroun | B125: francophone | C125: Primaire | D125: CM1 | E125: Rangement | F125: Chemise à rabat | G125: 1 | I125: Chemise à rabat | J125: =E125&"|"&I125&"|"&H125 | K125: =IFERROR(VLOOKUP(J125,'Articles uniques'!A:H,7,FALSE),"") | L125: =IFERROR(VLOOKUP(J125,'Articles uniques'!A:H,8,FALSE),"") | M125: =IF(ISNUMBER(K125),G125*K125,"") | N125: =IF(ISNUMBER(L125),G125*L125,"")
A126: Cameroun | B126: francophone | C126: Primaire | D126: CM2 | E126: Cahier | F126: Cahier français 288 pages | G126: 1 | H126: couverture verte | I126: Cahier français 288 pages | J126: =E126&"|"&I126&"|"&H126 | K126: =IFERROR(VLOOKUP(J126,'Articles uniques'!A:H,7,FALSE),"") | L126: =IFERROR(VLOOKUP(J126,'Articles uniques'!A:H,8,FALSE),"") | M126: =IF(ISNUMBER(K126),G126*K126,"") | N126: =IF(ISNUMBER(L126),G126*L126,"")
A127: Cameroun | B127: francophone | C127: Primaire | D127: CM2 | E127: Cahier | F127: Cahier d'exercices français 288 pages | G127: 1 | H127: couverture verte | I127: Cahier d'exercices français 288 pages | J127: =E127&"|"&I127&"|"&H127 | K127: =IFERROR(VLOOKUP(J127,'Articles uniques'!A:H,7,FALSE),"") | L127: =IFERROR(VLOOKUP(J127,'Articles uniques'!A:H,8,FALSE),"") | M127: =IF(ISNUMBER(K127),G127*K127,"") | N127: =IF(ISNUMBER(L127),G127*L127,"")
A128: Cameroun | B128: francophone | C128: Primaire | D128: CM2 | E128: Cahier | F128: Cahier d'exercices maths 288 pages | G128: 1 | H128: couverture verte | I128: Cahier d'exercices maths 288 pages | J128: =E128&"|"&I128&"|"&H128 | K128: =IFERROR(VLOOKUP(J128,'Articles uniques'!A:H,7,FALSE),"") | L128: =IFERROR(VLOOKUP(J128,'Articles uniques'!A:H,8,FALSE),"") | M128: =IF(ISNUMBER(K128),G128*K128,"") | N128: =IF(ISNUMBER(L128),G128*L128,"")
A129: Cameroun | B129: francophone | C129: Primaire | D129: CM2 | E129: Cahier | F129: Cahier mathématiques 288 pages | G129: 1 | H129: couverture bleue | I129: Cahier mathématiques 288 pages | J129: =E129&"|"&I129&"|"&H129 | K129: =IFERROR(VLOOKUP(J129,'Articles uniques'!A:H,7,FALSE),"") | L129: =IFERROR(VLOOKUP(J129,'Articles uniques'!A:H,8,FALSE),"") | M129: =IF(ISNUMBER(K129),G129*K129,"") | N129: =IF(ISNUMBER(L129),G129*L129,"")
A130: Cameroun | B130: francophone | C130: Primaire | D130: CM2 | E130: Cahier | F130: Cahier de résumés 300 pages | G130: 1 | H130: couverture marron | I130: Cahier de résumés 300 pages | J130: =E130&"|"&I130&"|"&H130 | K130: =IFERROR(VLOOKUP(J130,'Articles uniques'!A:H,7,FALSE),"") | L130: =IFERROR(VLOOKUP(J130,'Articles uniques'!A:H,8,FALSE),"") | M130: =IF(ISNUMBER(K130),G130*K130,"") | N130: =IF(ISNUMBER(L130),G130*L130,"")
A131: Cameroun | B131: francophone | C131: Primaire | D131: CM2 | E131: Cahier | F131: Cahier de dessin A4 grand format | G131: 1 | I131: Cahier de dessin A4 grand format | J131: =E131&"|"&I131&"|"&H131 | K131: =IFERROR(VLOOKUP(J131,'Articles uniques'!A:H,7,FALSE),"") | L131: =IFERROR(VLOOKUP(J131,'Articles uniques'!A:H,8,FALSE),"") | M131: =IF(ISNUMBER(K131),G131*K131,"") | N131: =IF(ISNUMBER(L131),G131*L131,"")
...

Sheet Résumé par classe
A1: Classe | B1: Pays | C1: Système | D1: Niveau | E1: Nb articles distincts | F1: Qté totale
A2: SIL | B2: Cameroun | C2: francophone | D2: Primaire | E2: 17 | F2: 53
A3: CP | B3: Cameroun | C3: francophone | D3: Primaire | E3: 23 | F3: 76
A4: CE1 | B4: Cameroun | C4: francophone | D4: Primaire | E4: 28 | F4: 43
A5: CE2 | B5: Cameroun | C5: francophone | D5: Primaire | E5: 27 | F5: 42
A6: CM1 | B6: Cameroun | C6: francophone | D6: Primaire | E6: 29 | F6: 32
A7: CM2 | B7: Cameroun | C7: francophone | D7: Primaire | E7: 30 | F7: 34
A8: SIL BIL | B8: Cameroun | C8: bilingue | D8: Primaire | E8: 28 | F8: 96
A9: CP BIL | B9: Cameroun | C9: bilingue | D9: Primaire | E9: 32 | F9: 114
A10: CE1 BIL | B10: Cameroun | C10: bilingue | D10: Primaire | E10: 31 | F10: 63
A11: CE2 BIL | B11: Cameroun | C11: bilingue | D11: Primaire | E11: 31 | F11: 62
A12: CM1 BIL | B12: Cameroun | C12: bilingue | D12: Primaire | E12: 9 | F12: 49
A13: Class 1 | B13: Cameroun | C13: anglophone | D13: Primaire | E13: 29 | F13: 84
... A33: Upper Sixth | B33: Cameroun | C33: anglophone | D33: Secondaire | E33: 28 | F33: 33

Sheet Articles uniques
A1: Clé (ne pas modifier) | B1: Catégorie | C1: Article (canonique) | D1: Spécification / Couleur | E1: Matières / Variantes (info) | F1: Qté totale (toutes classes) | G1: Prix Standard (XAF) | H1: Prix Haut de Gamme (XAF)
A2: Ardoise|Ardoise à feutre| | B2: Ardoise | C2: Ardoise à feutre | F2: 8
A3: Ardoise|Ardoise à marqueurs| | B3: Ardoise | C3: Ardoise à marqueurs | F3: 2
A4: Ardoise|Duster| | B4: Ardoise | C4: Duster | F4: 6
A5: Ardoise|Effaçoir| | B5: Ardoise | C5: Effaçoir | F5: 6
A6: Ardoise|Effaçoir / Duster| | B6: Ardoise | C6: Effaçoir / Duster | F6: 2
A7: Ardoise|Effaçoir pour ardoise| | B7: Ardoise | C7: Effaçoir pour ardoise | F7: 3
A8: Ardoise|Paquet feutres pour ardoise| | B8: Ardoise | C8: Paquet feutres pour ardoise | F8: 2
A9: Ardoise|White board| | B9: Ardoise | C9: White board | F9: 6
A10: Ardoise|White tablet| | B10: Ardoise | C10: White tablet | F10: 1
A11: Cahier|200 pages ledger| | B11: Cahier | C11: 200 pages ledger | E11: Food and Nutrition | F11: 1
A12: Cahier|300 pages ledger| | B12: Cahier | C12: 300 pages ledger | E12: Computer Science | F12: 4
A13: Cahier|Book 20 leaves plain lines| | B13: Cahier | C13: Book 20 leaves plain lines | E13: Music, Sports | F13: 4
A14: Cahier|Book 20 leaves red and blue lines| | B14: Cahier | C14: Book 20 leaves red and blue lines | E14: Writing | F14: 2
A15: Cahier|Book 200 leaves ledger plain lines| | B15: Cahier | C15: Book 200 leaves ledger plain lines | E15: English | F15: 4
A16: Cahier|Book 200 leaves ledger square lines| | B16: Cahier | C16: Book 200 leaves ledger square lines | E16: Maths | F16: 4
A17: Cahier|Book 40 leaves plain lines| | B17: Cahier | C17: Book 40 leaves plain lines | E17: ICT/NLC | F17: 2
A18: Cahier|Book 40 leaves plain lines|Civics, NLC, Human R, Agro Past, Arts, Moral Ed, Music | B18: Cahier | C18: Book 40 leaves plain lines | D18: Civics, NLC, Human R, Agro Past, Arts, Moral Ed, Music | E18: matières mineures | F18: 8
A19: Cahier|Book 40 leaves plain lines|Human Right, Moral Ed, visual Arts, NLC | B19: Cahier | C19: Book 40 leaves plain lines | D19: Human Right, Moral Ed, visual Arts, NLC | F19: 5
A20: Cahier|Book 40 leaves plain lines|Human Rights, Moral Ed, NLC, Sports, SWB | B20: Cahier | C20: Book 40 leaves plain lines | D20: Human Rights, Moral Ed, NLC, Sports, SWB | E20: matières mineures | F20: 5
A21: Cahier|Book 40 leaves plain lines|Moral Ed, Human Rights, Arts & Craft | B21: Cahier | C21: Book 40 leaves plain lines | D21: Moral Ed, Human Rights, Arts & Craft | F21: 3
A22: Cahier|Book 60 leaves plain lines| | B22: Cahier | C22: Book 60 leaves plain lines | E22: ICT/NLC, S/S | F22: 6
A23: Cahier|Book 60 leaves plain lines|Civics, Agro Pastoral, Arts, SWB, Music, Sports | B23: Cahier | C23: Book 60 leaves plain lines | D23: Civics, Agro Pastoral, Arts, SWB, Music, Sports | E23: matières mineures | F23: 6
A24: Cahier|Book 60 leaves plain lines|Health, Environmental, ICT, Home Ec, Civics, Tech, Music, Agro-Past, Arts | B24: Cahier | C24: Book 60 leaves plain lines | D24: Health, Environmental, ICT, Home Ec, Civics, Tech, Music, Agro-Past, Arts | E24: matières majeures | F24: 9
A25: Cahier|Book 60 leaves plain lines|Home Ec, Agro Pastoral, Civics, Sports, Music, NLC | B25: Cahier | C25: Book 60 leaves plain lines | D25: Home Ec, Agro Pastoral, Civics, Sports, Music, NLC | E25: matières mineures | F25: 6
A26: Cahier|Book 60 leaves plain lines|S/W building, Health, Environmental, Tech, ICT, History, Geography, Home Ec, Peace | B26: Cahier | C26: Book 60 leaves plain lines | D26: S/W building, Health, Environmental, Tech, ICT, History, Geography, Home Ec, Peace | E26: matières majeures | F26: 10
A27: Cahier|Book 80 leaves plain lines| | B27: Cahier | C27: Book 80 leaves plain lines | E27: Eng/SWB, English, History, Geography, Eval, SWB, English/Evaluation, English/SWB, Home work, S/T, Sc/Tech, V/S | F27: 24
A28: Cahier|Book 80 leaves plain lines|Eval, Health, Environmental, SWB, History, Geography, ICT, Dictation, Tech | B28: Cahier | C28: Book 80 leaves plain lines | D28: Eval, Health, Environmental, SWB, History, Geography, ICT, Dictation, Tech | E28: matières majeures | F28: 10
A29: Cahier|Book 80 leaves plain lines|History, Geography, Health, Dictation, Eval, Tech, ICT, Home Ec | B29: Cahier | C29: Book 80 leaves plain lines | D29: History, Geography, Health, Dictation, Eval, Tech, ICT, Home Ec | E29: matières majeures | F29: 10
A30: Cahier|Book 80 leaves square lines| | B30: Cahier | C30: Book 80 leaves square lines | E30: Maths | F30: 8
A31: Cahier|Book red and blue lines| | B31: Cahier | C31: Book red and blue lines | E31: writing | F31: 2
A32: Cahier|Cahier 100 pages| | B32: Cahier | C32: Cahier 100 pages | E32: Informatique, Informatique 1ère D, Mathématiques 1ère C, Mathématiques 2nde A4, TM | F32: 11
A33: Cahier|Cahier 120 pages| | B33: Cahier | C33: Cahier 120 pages | E33: Français, Langue française, Langue française + Littérature | F33: 13
A34: Cahier|Cahier 144 pages| | B34: Cahier | C34: Cahier 144 pages | E34: Sport | F34: 18
A35: Cahier|Cahier 144 pages petit format| | B35: Cahier | C35: Cahier 144 pages petit format | E35: Sport | F35: 1
A36: Cahier|Cahier 192 pages petit format| | B36: Cahier | C36: Cahier 192 pages petit format | E36: Espagnol | F36: 2
A37: Cahier|Cahier 20 leaves red and blue lines| | B37: Cahier | C37: Cahier 20 leaves red and blue lines | F37: 1
A38: Cahier|Cahier 200 leaves ledger plain lines| | B38: Cahier | C38: Cahier 200 leaves ledger plain lines | E38: English | F38: 2
A39: Cahier|Cahier 200 leaves ledger square lines| | B39: Cahier | C39: Cahier 200 leaves ledger square lines | E39: Maths | F39: 2
A40: Cahier|Cahier 200 pages| | B40: Cahier | C40: Cahier 200 pages | E40: Bureautique, Citoyenneté, Commerce, Communication professionnelle, Comptabilité financière, Maths/Stats appliquées, Mathématiques, Org. travail administratif, SVTEEHB, SVTEEHB 2nde C, Économie générale | F40: 24
A41: Cahier|Cahier 200 pages ledgers| | B41: Cahier | C41: Cahier 200 pages ledgers | E41: Anglais | F41: 4
A42: Cahier|Cahier 200 pages petit format| | B42: Cahier | C42: Cahier 200 pages petit format | E42: Chimie, Physique | F42: 2
A43: Cahier|Cahier 288 pages| | B43: Cahier | C43: Cahier 288 pages | E43: Français, Langue française, Langue française + Littérature | F43: 11
A44: Cahier|Cahier 300 pages| | B44: Cahier | C44: Cahier 300 pages | E44: Allemand, Allemand/Espagnol, Histoire, Informatique, Maths générales, Mathématiques 1ère D, Mathématiques 2nde C | F44: 14
A45: Cahier|Cahier 300 pages grand format| | B45: Cahier | C45: Cahier 300 pages grand format | E45: Physique, Physique/Chimie/Tech | F45: 2
A46: Cahier|Cahier 300 pages grand format quadrillé| | B46: Cahier | C46: Cahier 300 pages grand format quadrillé | E46: PCT, Physique-Chimie | F46: 2
A47: Cahier|Cahier 300 pages ledgers| | B47: Cahier | C47: Cahier 300 pages ledgers | E47: Anglais | F47: 3
A48: Cahier|Cahier 300 pages petit format| | B48: Cahier | C48: Cahier 300 pages petit format | E48: Chimie, PCT, Physique-Chimie | F48: 3
A49: Cahier|Cahier 40 leaves plain lines| | B49: Cahier | C49: Cahier 40 leaves plain lines | E49: Sport/Music, Sports/Music | F49: 4
A50: Cahier|Cahier 40 leaves plain lines|Civics, NLC, Human R, Agro-Past, Arts, Moral, Music | B50: Cahier | C50: Cahier 40 leaves plain lines | D50: Civics, NLC, Human R, Agro-Past, Arts, Moral, Music | E50: matières mineures | F50: 7
A51: Cahier|Cahier 40 leaves plain lines|Human Right, Moral Ed, NLC, Sports, Agro-Past | B51: Cahier | C51: Cahier 40 leaves plain lines | D51: Human Right, Moral Ed, NLC, Sports, Agro-Past | F51: 5
A52: Cahier|Cahier 40 leaves plain lines|Human Right, Moral Ed, visual Arts, NLC | B52: Cahier | C52: Cahier 40 leaves plain lines | D52: Human Right, Moral Ed, visual Arts, NLC | F52: 5
A53: Cahier|Cahier 40 leaves plain lines English| | B53: Cahier | C53: Cahier 40 leaves plain lines English | F53: 4
A54: Cahier|Cahier 40 leaves red and blue lines| | B54: Cahier | C54: Cahier 40 leaves red and blue lines | F54: 1
A55: Cahier|Cahier 400 pages| | B55: Cahier | C55: Cahier 400 pages | E55: Géographie, Histoire, Histoire + Géographie | F55: 7
A56: Cahier|Cahier 400 pages grand format| | B56: Cahier | C56: Cahier 400 pages grand format | E56: Mathématiques 1ère C, Mathématiques 1ère D | F56: 2
A57: Cahier|Cahier 400 pages sans format| | B57: Cahier | C57: Cahier 400 pages sans format | E57: Maths générales, Mathématiques, Mathématiques 2nde C | F57: 7
A58: Cahier|Cahier 60 leaves plain lines| | B58: Cahier | C58: Cahier 60 leaves plain lines | E58: English, ICT/NLC, S/S | F58: 10
A59: Cahier|Cahier 60 leaves plain lines|Civics, Agro Pastoral, Arts & Craft, SWB, Music, Sports | B59: Cahier | C59: Cahier 60 leaves plain lines | D59: Civics, Agro Pastoral, Arts & Craft, SWB, Music, Sports | E59: matières mineures | F59: 6
A60: Cahier|Cahier 60 leaves plain lines|Health Ed, Environmental, ICT, Home Ec, Tech, Civics, Agro-Past, Arts | B60: Cahier | C60: Cahier 60 leaves plain lines | D60: Health Ed, Environmental, ICT, Home Ec, Tech, Civics, Agro-Past, Arts | E60: matières mineures | F60: 8
A61: Cahier|Cahier 60 leaves plain lines|S/W building, Health, Environmental, Tech, ICT, History, Geography, Peace, Home Ec | B61: Cahier | C61: Cahier 60 leaves plain lines | D61: S/W building, Health, Environmental, Tech, ICT, History, Geography, Peace, Home Ec | E61: matières mineures | F61: 10
A62: Cahier|Cahier 60 leaves plain lines English| | B62: Cahier | C62: Cahier 60 leaves plain lines English | F62: 2
A63: Cahier|Cahier 80 leaves plain lines| | B63: Cahier | C63: Cahier 80 leaves plain lines | E63: English, English, History, Geography, Eval, SWB, English/Evaluation, English/SWB, Homework, S/T, Science/Tech, V/S | F63: 27
A64: Cahier|Cahier 80 leaves plain lines|History, Geography, Health, Dictation, Eval, Tech/Eng, ICT, Home Ec | B64: Cahier | C64: Cahier 80 leaves plain lines | D64: History, Geography, Health, Dictation, Eval, Tech/Eng, ICT, Home Ec | E64: matières majeures | F64: 10
A65: Cahier|Cahier 80 leaves plain lines English|couverture rose | B65: Cahier | C65: Cahier 80 leaves plain lines English | D65: couverture rose | F65: 2
A66: Cahier|Cahier 80 leaves square lines| | B66: Cahier | C66: Cahier 80 leaves square lines | E66: Mathematics, Maths | F66: 8
A67: Cahier|Cahier TP 280 pages petit format| | B67: Cahier | C67: Cahier TP 280 pages petit format | E67: PCT | F67: 1
A68: Cahier|Cahier TP 300 pages| | B68: Cahier | C68: Cahier TP 300 pages | E68: SVTEEHB, SVTEEHB 2nde C, Sciences, Sciences 2nde A4 | F68: 7
A69: Cahier|Cahier TP Sciences/Tech 200 pages|couverture verte | B69: Cahier | C69: Cahier TP Sciences/Tech 200 pages | D69: couverture verte | F69: 1
A70: Cahier|Cahier TP Sciences/Technologie 200 pages|couverture verte | B70: Cahier | C70: Cahier TP Sciences/Technologie 200 pages | D70: couverture verte | F70: 1
A71: Cahier|Cahier bananier| | B71: Cahier | C71: Cahier bananier | F71: 6
A72: Cahier|Cahier d'exercices français 200 pages| | B72: Cahier | C72: Cahier d'exercices français 200 pages | F72: 4
A73: Cahier|Cahier d'exercices français 288 pages|couverture verte | B73: Cahier | C73: Cahier d'exercices français 288 pages | D73: couverture verte | F73: 1
A74: Cahier|Cahier d'exercices français 300 pages|couverture verte | B74: Cahier | C74: Cahier d'exercices français 300 pages | D74: couverture verte | F74: 1
A75: Cahier|Cahier d'exercices maths 200 pages| | B75: Cahier | C75: Cahier d'exercices maths 200 pages | F75: 4
A76: Cahier|Cahier d'exercices maths 288 pages|couverture verte | B76: Cahier | C76: Cahier d'exercices maths 288 pages | D76: couverture verte | F76: 1
A77: Cahier|Cahier d'exercices maths 300 pages|couverture bleue | B77: Cahier | C77: Cahier d'exercices maths 300 pages | D77: couverture bleue | F77: 1
A78: Cahier|Cahier d'informatique 100 pages|couverture rouge | B78: Cahier | C78: Cahier d'informatique 100 pages | D78: couverture rouge | F78: 1
A79: Cahier|Cahier d'informatique 144 pages| | B79: Cahier | C79: Cahier d'informatique 144 pages | F79: 1
A80: Cahier|Cahier d'informatique 144 pages|couverture rouge | B80: Cahier | C80: Cahier d'informatique 144 pages | D80: couverture rouge | F80: 1
A81: Cahier|Cahier d'informatique 200 pages| | B81: Cahier | C81: Cahier d'informatique 200 pages | F81: 3
A82: Cahier|Cahier d'évaluation hebdomadaire 300 pages|couverture orange | B82: Cahier | C82: Cahier d'évaluation hebdomadaire 300 pages | D82: couverture orange | F82: 2
A83: Cahier|Cahier de chants et récits 100 pages| | B83: Cahier | C83: Cahier de chants et récits 100 pages | F83: 2
A84: Cahier|Cahier de chants et récits 100 pages|couverture rouge | B84: Cahier | C84: Cahier de chants et récits 100 pages | D84: couverture rouge | F84: 1
A85: Cahier|Cahier de chants et récits 120 pages| | B85: Cahier | C85: Cahier de chants et récits 120 pages | F85: 2
A86: Cahier|Cahier de chants/récits 100 pages|couverture rouge | B86: Cahier | C86: Cahier de chants/récits 100 pages | D86: couverture rouge | F86: 1
A87: Cahier|Cahier de contrôle hebdomadaire 288 pages| | B87: Cahier | C87: Cahier de contrôle hebdomadaire 288 pages | F87: 2
A88: Cahier|Cahier de dessin A4 grand format| | B88: Cahier | C88: Cahier de dessin A4 grand format | F88: 1
A89: Cahier|Cahier de dessin grand format| | B89: Cahier | C89: Cahier de dessin grand format | F89: 4
A90: Cahier|Cahier de dessin grand format / Drawing book A4| | B90: Cahier | C90: Cahier de dessin grand format / Drawing book A4 | F90: 1
A91: Cahier|Cahier de devoirs 200 pages| | B91: Cahier | C91: Cahier de devoirs 200 pages | F91: 2
A92: Cahier|Cahier de devoirs 288 pages| | B92: Cahier | C92: Cahier de devoirs 288 pages | F92: 2
A93: Cahier|Cahier de dictée et PE 288 pages| | B93: Cahier | C93: Cahier de dictée et PE 288 pages | F93: 1
A94: Cahier|Cahier de dictée et PE 288 pages|couverture verte | B94: Cahier | C94: Cahier de dictée et PE 288 pages | D94: couverture verte | F94: 2
A95: Cahier|Cahier de français 120 pages| | B95: Cahier | C95: Cahier de français 120 pages | F95: 6
A96: Cahier|Cahier de français 144 pages| | B96: Cahier | C96: Cahier de français 144 pages | F96: 10
A97: Cahier|Cahier de liaison| | B97: Cahier | C97: Cahier de liaison | F97: 6
A98: Cahier|Cahier de recherche 200 pages|couverture verte | B98: Cahier | C98: Cahier de recherche 200 pages | D98: couverture verte | F98: 1
A99: Cahier|Cahier de résumés 200 pages| | B99: Cahier | C99: Cahier de résumés 200 pages | F99: 2
A100: Cahier|Cahier de résumés 288 pages| | B100: Cahier | C100: Cahier de résumés 288 pages | F100: 2
...
